{"cameraMode":{"drawMode":0,"name":"Shaded","section":"Shading Mode"},"sceneLighting":true,"audioPlay":false,"sceneViewState":{"m_AlwaysRefresh":false,"showFog":true,"showSkybox":true,"showFlares":true,"showImageEffects":true,"showParticleSystems":true,"showVisualEffectGraphs":true,"m_FxEnabled":true},"in2DMode":false,"pivot":{"x":26.66361427307129,"y":-17.755386352539064,"z":22.530590057373048},"rotation":{"x":-0.028784504160284997,"y":0.8864859938621521,"z":-0.4584871828556061,"w":-0.05565488710999489},"size":40.816986083984378,"orthographic":false}